Иван;Иванов;Алексеевич;1
Инокентий;Кочегаров;Владимирович;2
Анатолий;Анатольев;Анатольевич;3
Муххаммед;Кулряшов;Хех;4
Иван;Иванов;Алексеевич;1
Инокентий;Кочегаров;Владимирович;2
Анатолий;Анатольев;Анатольевич;3
Муххаммед;Кулряшов;Хех;4
Иван;Иванов;Алексеевич;1
Инокентий;Кочегаров;Владимирович;2
Анатолий;Анатольев;Анатольевич;3
Муххаммед;Кулряшов;Хех;4
Иван;Иванов;Алексеевич;5
Инокентий;Кочегаров;Владимирович;5
Анатолий;Анатольев;Анатольевич;5
Муххаммед;Кулряшов;Хех;5
Иван;Иванов;Алексеевич;6
Инокентий;Кочегаров;Владимирович;6
Анатолий;Анатольев;Анатольевич;6
Муххаммед;Кулряшов;Хех;6
Иван;Иванов;Алексеевич;7
Инокентий;Кочегаров;Владимирович;7
Анатолий;Анатольев;Анатольевич;7
Муххаммед;Кулряшов;Хех;8
Иван;Иванов;Алексеевич;8
Инокентий;Кочегаров;Владимирович;8
Анатолий;Анатольев;Анатольевич;9
Муххаммед;Кулряшов;Хех;9
Иван;Иванов;Алексеевич;10
Инокентий;Кочегаров;Владимирович;10
Анатолий;Анатольев;Анатольевич;10
Муххаммед;Кулряшов;Хех;10
Иван;Иванов;Алексеевич;11
Инокентий;Кочегаров;Владимирович;11
Анатолий;Анатольев;Анатольевич;11
Муххаммед;Кулряшов;Хех;12
Иван;Иванов;Алексеевич;12
Инокентий;Кочегаров;Владимирович;13
Анатолий;Анатольев;Анатольевич;13
Муххаммед;Кулряшов;Хех;13
Иван;Иванов;Алексеевич;13
Инокентий;Кочегаров;Владимирович;14
Анатолий;Анатольев;Анатольевич;14
Муххаммед;Кулряшов;Хех;14
